MechanicsGrade7	描述运动位置	描述运动位置	NodeName
MechanicsGrade7	运动和力的关系	运动和力的关系	NodeName
MechanicsGrade7	弹簧测力计	弹簧测力计	NodeName
MechanicsGrade7	机械运动	机械运动	NodeName
MechanicsGrade7	曲线运动	曲线运动	NodeName
MechanicsGrade7	参照物	参照物	NodeName
MechanicsGrade7	力	力	NodeName
MechanicsGrade7	弹簧伸长与压缩时的力，压力、支持力、绳子拉力等	弹簧伸长与压缩时的力，压力、支持力、绳子拉力等	NodeName
MechanicsGrade7	变速直线运动	变速直线运动	NodeName
MechanicsGrade7	摩擦力	摩擦力	NodeName
MechanicsGrade7	牛顿第一定律	牛顿第一定律	NodeName
MechanicsGrade7	弹性形变	弹性形变	NodeName
MechanicsGrade7	直线运动	直线运动	NodeName
MechanicsGrade7	弹力	弹力	NodeName
MechanicsGrade7	匀速直线运动	匀速直线运动	NodeName
MechanicsGrade7	重力	重力	NodeName
MechanicsGrade7	惯性	惯性	NodeName
MechanicsGrade7	二力平衡	二力平衡	NodeName
MechanicsGrade7	描述运动快慢	描述运动快慢	NodeName
MechanicsGrade7	速度	速度	NodeName
MechanicsGrade7	长度	长度	NodeName
MechanicsGrade7	时间	时间	NodeName
MechanicsGrade7	原理	原理	PropertyName
MechanicsGrade7	作用效果	作用效果	PropertyName
MechanicsGrade7	力的作用的相互性	力的作用的相互性	PropertyName
MechanicsGrade7	选择原则	选择原则	PropertyName
MechanicsGrade7	三要素	三要素	PropertyName
MechanicsGrade7	三种比较方法	三种比较方法	PropertyName
MechanicsGrade7	产生条件	产生条件	PropertyName
MechanicsGrade7	影响滑动摩擦力因素	影响滑动摩擦力因素	PropertyName
MechanicsGrade7	使用	使用	PropertyName
MechanicsGrade7	条件	条件	PropertyName
MechanicsGrade7	测量工具	测量工具	PropertyName
MechanicsGrade7	估测	估测	PropertyName
MechanicsGrade7	公式	公式	PropertyName
MechanicsGrade7	物理意义	物理意义	PropertyName
MechanicsGrade7	构造	构造	PropertyName
MechanicsGrade7	分类	分类	PropertyName
MechanicsGrade7	方向	方向	PropertyName
MechanicsGrade7	含义	含义	PropertyName
MechanicsGrade7	注意事项	注意事项	PropertyName
MechanicsGrade7	单位	单位	PropertyName
MechanicsGrade7	相对性	相对性	PropertyName
MechanicsGrade7	作用点	作用点	PropertyName
MechanicsGrade7	产生	产生	RelationType
MechanicsGrade7	相关	相关	RelationType
MechanicsGrade7	相关物理量有	相关物理量有	RelationType
MechanicsGrade7	包含	包含	RelationType
MechanicsGrade7	测量工具为	测量工具为	RelationType
MechanicsGrade7	判断标准	判断标准	RelationType