MotionAndPower	力	力	NodeName
MotionAndPower	速度	速度	NodeName
MotionAndPower	重力	重力	NodeName
MotionAndPower	匀速直线运动	匀速直线运动	NodeName
MotionAndPower	时间	时间	NodeName
MotionAndPower	摩擦力	摩擦力	NodeName
MotionAndPower	弹力	弹力	NodeName
MotionAndPower	曲线运动	曲线运动	NodeName
MotionAndPower	惯性	惯性	NodeName
MotionAndPower	弹簧伸长与压缩时的力，压力、支持力、绳子拉力等	弹簧伸长与压缩时的力，压力、支持力、绳子拉力等	NodeName
MotionAndPower	机械运动	机械运动	NodeName
MotionAndPower	描述运动位置	描述运动位置	NodeName
MotionAndPower	二力平衡	二力平衡	NodeName
MotionAndPower	直线运动	直线运动	NodeName
MotionAndPower	同一直线上二力的合成	同一直线上二力的合成	NodeName
MotionAndPower	弹簧测力计	弹簧测力计	NodeName
MotionAndPower	弹性形变	弹性形变	NodeName
MotionAndPower	描述运动快慢	描述运动快慢	NodeName
MotionAndPower	运动和力	运动和力	NodeName
MotionAndPower	参照物	参照物	NodeName
MotionAndPower	牛顿第一定律	牛顿第一定律	NodeName
MotionAndPower	长度	长度	NodeName
MotionAndPower	变速直线运动	变速直线运动	NodeName
MotionAndPower	构造	构造	PropertyName
MotionAndPower	测量工具	测量工具	PropertyName
MotionAndPower	使用	使用	PropertyName
MotionAndPower	作用效果	作用效果	PropertyName
MotionAndPower	方向	方向	PropertyName
MotionAndPower	特点	特点	PropertyName
MotionAndPower	作用点	作用点	PropertyName
MotionAndPower	原理	原理	PropertyName
MotionAndPower	条件	条件	PropertyName
MotionAndPower	关系	关系	PropertyName
MotionAndPower	单位	单位	PropertyName
MotionAndPower	物理意义	物理意义	PropertyName
MotionAndPower	产生条件	产生条件	PropertyName
MotionAndPower	相对性	相对性	PropertyName
MotionAndPower	选择原则	选择原则	PropertyName
MotionAndPower	含义	含义	PropertyName
MotionAndPower	影响滑动摩擦力因素	影响滑动摩擦力因素	PropertyName
MotionAndPower	大小	大小	PropertyName
MotionAndPower	估测	估测	PropertyName
MotionAndPower	分类	分类	PropertyName
MotionAndPower	包括	包括	PropertyName
MotionAndPower	公式	公式	PropertyName
MotionAndPower	三种比较方法	三种比较方法	PropertyName
MotionAndPower	三要素	三要素	PropertyName
MotionAndPower	产生	产生	RelationType
MotionAndPower	属于	属于	RelationType
MotionAndPower	相关物理量有	相关物理量有	RelationType
MotionAndPower	判断标准	判断标准	RelationType
MotionAndPower	测量工具为	测量工具为	RelationType
MotionAndPower	包含	包含	RelationType